[
{"country_name": "India", "link": "/world-population/india-population/"},
{"country_name": "China", "link": "/world-population/china-population/"},
{"country_name": "United States", "link": "/world-population/us-population/"},
{"country_name": "Indonesia", "link": "/world-population/indonesia-population/"},
{"country_name": "Pakistan", "link": "/world-population/pakistan-population/"},
{"country_name": "Nigeria", "link": "/world-population/nigeria-population/"},
{"country_name": "Brazil", "link": "/world-population/brazil-population/"},
{"country_name": "Bangladesh", "link": "/world-population/bangladesh-population/"},
{"country_name": "Russia", "link": "/world-population/russia-population/"},
{"country_name": "Mexico", "link": "/world-population/mexico-population/"},
{"country_name": "Ethiopia", "link": "/world-population/ethiopia-population/"},
{"country_name": "Japan", "link": "/world-population/japan-population/"},
{"country_name": "Philippines", "link": "/world-population/philippines-population/"},
{"country_name": "Egypt", "link": "/world-population/egypt-population/"},
{"country_name": "DR Congo", "link": "/world-population/democratic-republic-of-the-congo-population/"},
{"country_name": "Vietnam", "link": "/world-population/vietnam-population/"},
{"country_name": "Iran", "link": "/world-population/iran-population/"},
{"country_name": "Turkey", "link": "/world-population/turkey-population/"},
{"country_name": "Germany", "link": "/world-population/germany-population/"},
{"country_name": "Thailand", "link": "/world-population/thailand-population/"},
{"country_name": "United Kingdom", "link": "/world-population/uk-population/"},
{"country_name": "Tanzania", "link": "/world-population/tanzania-population/"},
{"country_name": "France", "link": "/world-population/france-population/"},
{"country_name": "South Africa", "link": "/world-population/south-africa-population/"},
{"country_name": "Italy", "link": "/world-population/italy-population/"},
{"country_name": "Kenya", "link": "/world-population/kenya-population/"},
{"country_name": "Myanmar", "link": "/world-population/myanmar-population/"},
{"country_name": "Colombia", "link": "/world-population/colombia-population/"},
{"country_name": "South Korea", "link": "/world-population/south-korea-population/"},
{"country_name": "Uganda", "link": "/world-population/uganda-population/"},
{"country_name": "Sudan", "link": "/world-population/sudan-population/"},
{"country_name": "Spain", "link": "/world-population/spain-population/"},
{"country_name": "Argentina", "link": "/world-population/argentina-population/"},
{"country_name": "Algeria", "link": "/world-population/algeria-population/"},
{"country_name": "Iraq", "link": "/world-population/iraq-population/"},
{"country_name": "Afghanistan", "link": "/world-population/afghanistan-population/"},
{"country_name": "Poland", "link": "/world-population/poland-population/"},
{"country_name": "Canada", "link": "/world-population/canada-population/"},
{"country_name": "Morocco", "link": "/world-population/morocco-population/"},
{"country_name": "Saudi Arabia", "link": "/world-population/saudi-arabia-population/"},
{"country_name": "Ukraine", "link": "/world-population/ukraine-population/"},
{"country_name": "Angola", "link": "/world-population/angola-population/"},
{"country_name": "Uzbekistan", "link": "/world-population/uzbekistan-population/"},
{"country_name": "Yemen", "link": "/world-population/yemen-population/"},
{"country_name": "Peru", "link": "/world-population/peru-population/"},
{"country_name": "Malaysia", "link": "/world-population/malaysia-population/"},
{"country_name": "Ghana", "link": "/world-population/ghana-population/"},
{"country_name": "Mozambique", "link": "/world-population/mozambique-population/"},
{"country_name": "Nepal", "link": "/world-population/nepal-population/"},
{"country_name": "Madagascar", "link": "/world-population/madagascar-population/"},
{"country_name": "Côte d'Ivoire", "link": "/world-population/cote-d-ivoire-population/"},
{"country_name": "Venezuela", "link": "/world-population/venezuela-population/"},
{"country_name": "Cameroon", "link": "/world-population/cameroon-population/"},
{"country_name": "Niger", "link": "/world-population/niger-population/"},
{"country_name": "Australia", "link": "/world-population/australia-population/"},
{"country_name": "North Korea", "link": "/world-population/north-korea-population/"},
{"country_name": "Taiwan", "link": "/world-population/taiwan-population/"},
{"country_name": "Mali", "link": "/world-population/mali-population/"},
{"country_name": "Burkina Faso", "link": "/world-population/burkina-faso-population/"},
{"country_name": "Syria", "link": "/world-population/syria-population/"},
{"country_name": "Sri Lanka", "link": "/world-population/sri-lanka-population/"},
{"country_name": "Malawi", "link": "/world-population/malawi-population/"},
{"country_name": "Zambia", "link": "/world-population/zambia-population/"},
{"country_name": "Romania", "link": "/world-population/romania-population/"},
{"country_name": "Chile", "link": "/world-population/chile-population/"},
{"country_name": "Kazakhstan", "link": "/world-population/kazakhstan-population/"},
{"country_name": "Chad", "link": "/world-population/chad-population/"},
{"country_name": "Ecuador", "link": "/world-population/ecuador-population/"},
{"country_name": "Somalia", "link": "/world-population/somalia-population/"},
{"country_name": "Guatemala", "link": "/world-population/guatemala-population/"},
{"country_name": "Senegal", "link": "/world-population/senegal-population/"},
{"country_name": "Netherlands", "link": "/world-population/netherlands-population/"},
{"country_name": "Cambodia", "link": "/world-population/cambodia-population/"},
{"country_name": "Zimbabwe", "link": "/world-population/zimbabwe-population/"},
{"country_name": "Guinea", "link": "/world-population/guinea-population/"},
{"country_name": "Rwanda", "link": "/world-population/rwanda-population/"},
{"country_name": "Benin", "link": "/world-population/benin-population/"},
{"country_name": "Burundi", "link": "/world-population/burundi-population/"},
{"country_name": "Tunisia", "link": "/world-population/tunisia-population/"},
{"country_name": "Bolivia", "link": "/world-population/bolivia-population/"},
{"country_name": "Haiti", "link": "/world-population/haiti-population/"},
{"country_name": "Belgium", "link": "/world-population/belgium-population/"},
{"country_name": "Jordan", "link": "/world-population/jordan-population/"},
{"country_name": "Dominican Republic", "link": "/world-population/dominican-republic-population/"},
{"country_name": "Cuba", "link": "/world-population/cuba-population/"},
{"country_name": "South Sudan", "link": "/world-population/south-sudan-population/"},
{"country_name": "Sweden", "link": "/world-population/sweden-population/"},
{"country_name": "Honduras", "link": "/world-population/honduras-population/"},
{"country_name": "Czech Republic (Czechia)", "link": "/world-population/czech-republic-population/"},
{"country_name": "Azerbaijan", "link": "/world-population/azerbaijan-population/"},
{"country_name": "Greece", "link": "/world-population/greece-population/"},
{"country_name": "Papua New Guinea", "link": "/world-population/papua-new-guinea-population/"},
{"country_name": "Portugal", "link": "/world-population/portugal-population/"},
{"country_name": "Hungary", "link": "/world-population/hungary-population/"},
{"country_name": "Tajikistan", "link": "/world-population/tajikistan-population/"},
{"country_name": "United Arab Emirates", "link": "/world-population/united-arab-emirates-population/"},
{"country_name": "Belarus", "link": "/world-population/belarus-population/"},
{"country_name": "Israel", "link": "/world-population/israel-population/"},
{"country_name": "Togo", "link": "/world-population/togo-population/"},
{"country_name": "Austria", "link": "/world-population/austria-population/"},
{"country_name": "Switzerland", "link": "/world-population/switzerland-population/"},
{"country_name": "Sierra Leone", "link": "/world-population/sierra-leone-population/"},
{"country_name": "Laos", "link": "/world-population/laos-population/"},
{"country_name": "Hong Kong", "link": "/world-population/china-hong-kong-sar-population/"},
{"country_name": "Serbia", "link": "/world-population/serbia-population/"},
{"country_name": "Nicaragua", "link": "/world-population/nicaragua-population/"},
{"country_name": "Libya", "link": "/world-population/libya-population/"},
{"country_name": "Paraguay", "link": "/world-population/paraguay-population/"},
{"country_name": "Kyrgyzstan", "link": "/world-population/kyrgyzstan-population/"},
{"country_name": "Bulgaria", "link": "/world-population/bulgaria-population/"},
{"country_name": "Turkmenistan", "link": "/world-population/turkmenistan-population/"},
{"country_name": "El Salvador", "link": "/world-population/el-salvador-population/"},
{"country_name": "Congo", "link": "/world-population/congo-population/"},
{"country_name": "Singapore", "link": "/world-population/singapore-population/"},
{"country_name": "Denmark", "link": "/world-population/denmark-population/"},
{"country_name": "Slovakia", "link": "/world-population/slovakia-population/"},
{"country_name": "Central African Republic", "link": "/world-population/central-african-republic-population/"},
{"country_name": "Finland", "link": "/world-population/finland-population/"},
{"country_name": "Norway", "link": "/world-population/norway-population/"},
{"country_name": "Liberia", "link": "/world-population/liberia-population/"},
{"country_name": "State of Palestine", "link": "/world-population/state-of-palestine-population/"},
{"country_name": "Lebanon", "link": "/world-population/lebanon-population/"},
{"country_name": "New Zealand", "link": "/world-population/new-zealand-population/"},
{"country_name": "Costa Rica", "link": "/world-population/costa-rica-population/"},
{"country_name": "Ireland", "link": "/world-population/ireland-population/"},
{"country_name": "Mauritania", "link": "/world-population/mauritania-population/"},
{"country_name": "Oman", "link": "/world-population/oman-population/"},
{"country_name": "Panama", "link": "/world-population/panama-population/"},
{"country_name": "Kuwait", "link": "/world-population/kuwait-population/"},
{"country_name": "Croatia", "link": "/world-population/croatia-population/"},
{"country_name": "Eritrea", "link": "/world-population/eritrea-population/"},
{"country_name": "Georgia", "link": "/world-population/georgia-population/"},
{"country_name": "Mongolia", "link": "/world-population/mongolia-population/"},
{"country_name": "Moldova", "link": "/world-population/moldova-population/"},
{"country_name": "Uruguay", "link": "/world-population/uruguay-population/"},
{"country_name": "Puerto Rico", "link": "/world-population/puerto-rico-population/"},
{"country_name": "Bosnia and Herzegovina", "link": "/world-population/bosnia-and-herzegovina-population/"},
{"country_name": "Albania", "link": "/world-population/albania-population/"},
{"country_name": "Jamaica", "link": "/world-population/jamaica-population/"},
{"country_name": "Armenia", "link": "/world-population/armenia-population/"},
{"country_name": "Gambia", "link": "/world-population/gambia-population/"},
{"country_name": "Lithuania", "link": "/world-population/lithuania-population/"},
{"country_name": "Qatar", "link": "/world-population/qatar-population/"},
{"country_name": "Botswana", "link": "/world-population/botswana-population/"},
{"country_name": "Namibia", "link": "/world-population/namibia-population/"},
{"country_name": "Gabon", "link": "/world-population/gabon-population/"},
{"country_name": "Lesotho", "link": "/world-population/lesotho-population/"},
{"country_name": "Guinea-Bissau", "link": "/world-population/guinea-bissau-population/"},
{"country_name": "Slovenia", "link": "/world-population/slovenia-population/"},
{"country_name": "North Macedonia", "link": "/world-population/macedonia-population/"},
{"country_name": "Latvia", "link": "/world-population/latvia-population/"},
{"country_name": "Equatorial Guinea", "link": "/world-population/equatorial-guinea-population/"},
{"country_name": "Trinidad and Tobago", "link": "/world-population/trinidad-and-tobago-population/"},
{"country_name": "Bahrain", "link": "/world-population/bahrain-population/"},
{"country_name": "Timor-Leste", "link": "/world-population/timor-leste-population/"},
{"country_name": "Estonia", "link": "/world-population/estonia-population/"},
{"country_name": "Mauritius", "link": "/world-population/mauritius-population/"},
{"country_name": "Cyprus", "link": "/world-population/cyprus-population/"},
{"country_name": "Eswatini", "link": "/world-population/swaziland-population/"},
{"country_name": "Djibouti", "link": "/world-population/djibouti-population/"},
{"country_name": "Réunion", "link": "/world-population/reunion-population/"},
{"country_name": "Fiji", "link": "/world-population/fiji-population/"},
{"country_name": "Comoros", "link": "/world-population/comoros-population/"},
{"country_name": "Guyana", "link": "/world-population/guyana-population/"},
{"country_name": "Bhutan", "link": "/world-population/bhutan-population/"},
{"country_name": "Solomon Islands", "link": "/world-population/solomon-islands-population/"},
{"country_name": "Macao", "link": "/world-population/china-macao-sar-population/"},
{"country_name": "Luxembourg", "link": "/world-population/luxembourg-population/"},
{"country_name": "Montenegro", "link": "/world-population/montenegro-population/"},
{"country_name": "Suriname", "link": "/world-population/suriname-population/"},
{"country_name": "Cabo Verde", "link": "/world-population/cabo-verde-population/"},
{"country_name": "Western Sahara", "link": "/world-population/western-sahara-population/"},
{"country_name": "Micronesia", "link": "/world-population/micronesia-population/"},
{"country_name": "Malta", "link": "/world-population/malta-population/"},
{"country_name": "Maldives", "link": "/world-population/maldives-population/"},
{"country_name": "Brunei ", "link": "/world-population/brunei-darussalam-population/"},
{"country_name": "Bahamas", "link": "/world-population/bahamas-population/"},
{"country_name": "Belize", "link": "/world-population/belize-population/"},
{"country_name": "Guadeloupe", "link": "/world-population/guadeloupe-population/"},
{"country_name": "Iceland", "link": "/world-population/iceland-population/"},
{"country_name": "Martinique", "link": "/world-population/martinique-population/"},
{"country_name": "Mayotte", "link": "/world-population/mayotte-population/"},
{"country_name": "Vanuatu", "link": "/world-population/vanuatu-population/"},
{"country_name": "French Guiana", "link": "/world-population/french-guiana-population/"},
{"country_name": "French Polynesia", "link": "/world-population/french-polynesia-population/"},
{"country_name": "New Caledonia", "link": "/world-population/new-caledonia-population/"},
{"country_name": "Barbados", "link": "/world-population/barbados-population/"},
{"country_name": "Sao Tome & Principe", "link": "/world-population/sao-tome-and-principe-population/"},
{"country_name": "Samoa", "link": "/world-population/samoa-population/"},
{"country_name": "Curaçao", "link": "/world-population/curacao-population/"},
{"country_name": "Saint Lucia", "link": "/world-population/saint-lucia-population/"},
{"country_name": "Guam", "link": "/world-population/guam-population/"},
{"country_name": "Kiribati", "link": "/world-population/kiribati-population/"},
{"country_name": "Grenada", "link": "/world-population/grenada-population/"},
{"country_name": "Tonga", "link": "/world-population/tonga-population/"},
{"country_name": "Seychelles", "link": "/world-population/seychelles-population/"},
{"country_name": "Aruba", "link": "/world-population/aruba-population/"},
{"country_name": "St. Vincent & Grenadines", "link": "/world-population/saint-vincent-and-the-grenadines-population/"},
{"country_name": "U.S. Virgin Islands", "link": "/world-population/united-states-virgin-islands-population/"},
{"country_name": "Antigua and Barbuda", "link": "/world-population/antigua-and-barbuda-population/"},
{"country_name": "Isle of Man", "link": "/world-population/isle-of-man-population/"},
{"country_name": "Andorra", "link": "/world-population/andorra-population/"},
{"country_name": "Dominica", "link": "/world-population/dominica-population/"},
{"country_name": "Cayman Islands", "link": "/world-population/cayman-islands-population/"},
{"country_name": "Bermuda", "link": "/world-population/bermuda-population/"},
{"country_name": "Greenland", "link": "/world-population/greenland-population/"},
{"country_name": "Faeroe Islands", "link": "/world-population/faeroe-islands-population/"},
{"country_name": "Northern Mariana Islands", "link": "/world-population/northern-mariana-islands-population/"},
{"country_name": "Saint Kitts & Nevis", "link": "/world-population/saint-kitts-and-nevis-population/"},
{"country_name": "Turks and Caicos", "link": "/world-population/turks-and-caicos-islands-population/"},
{"country_name": "Sint Maarten", "link": "/world-population/sint-maarten-population/"},
{"country_name": "American Samoa", "link": "/world-population/american-samoa-population/"},
{"country_name": "Marshall Islands", "link": "/world-population/marshall-islands-population/"},
{"country_name": "Liechtenstein", "link": "/world-population/liechtenstein-population/"},
{"country_name": "Monaco", "link": "/world-population/monaco-population/"},
{"country_name": "San Marino", "link": "/world-population/san-marino-population/"},
{"country_name": "Gibraltar", "link": "/world-population/gibraltar-population/"},
{"country_name": "Saint Martin", "link": "/world-population/saint-martin-population/"},
{"country_name": "British Virgin Islands", "link": "/world-population/british-virgin-islands-population/"},
{"country_name": "Caribbean Netherlands", "link": "/world-population/caribbean-netherlands-population/"},
{"country_name": "Palau", "link": "/world-population/palau-population/"},
{"country_name": "Cook Islands", "link": "/world-population/cook-islands-population/"},
{"country_name": "Anguilla", "link": "/world-population/anguilla-population/"},
{"country_name": "Nauru", "link": "/world-population/nauru-population/"},
{"country_name": "Wallis & Futuna", "link": "/world-population/wallis-and-futuna-islands-population/"},
{"country_name": "Tuvalu", "link": "/world-population/tuvalu-population/"},
{"country_name": "Saint Barthelemy", "link": "/world-population/saint-barthelemy-population/"},
{"country_name": "Saint Pierre & Miquelon", "link": "/world-population/saint-pierre-and-miquelon-population/"},
{"country_name": "Saint Helena", "link": "/world-population/saint-helena-population/"},
{"country_name": "Montserrat", "link": "/world-population/montserrat-population/"},
{"country_name": "Falkland Islands", "link": "/world-population/falkland-islands-malvinas-population/"},
{"country_name": "Niue", "link": "/world-population/niue-population/"},
{"country_name": "Tokelau", "link": "/world-population/tokelau-population/"},
{"country_name": "Holy See", "link": "/world-population/holy-see-population/"}
]